VAR_ID;VAR_LIB;COD_MOD;LIB_MOD;TYPE_VAR;LONG_VAR
persSeul;Personnes seules : Ensemble;;;NUM;8
persSeul024;Personnes seules : Moins de 25 ans;;;NUM;8
persSeul2559;Personnes seules : De 25 à 59 ans;;;NUM;8
persSeul60P;Personnes seules : 60 ans et plus;;;NUM;8
persSeul75P;Personnes seules : 75 ans et plus;;;NUM;8
partPersSeul;Part des personnes seules dans la population des ménages : Ensemble;;;NUM;8
partPersSeul024;Part des personnes seules : Moins de 25 ans;;;NUM;8
partPersSeul2559;Part des personnes seules : De 25 à 59 ans;;;NUM;8
partPersSeul60P;Part des personnes seules : 60 ans et plus;;;NUM;8
partPersSeul75P;Part des personnes seules : 75 ans et plus;;;NUM;8
femSeul;Femmes seules : Ensemble;;;NUM;8
femSeul024;Femmes seules : Moins de 25 ans;;;NUM;8
femSeul2559;Femmes seules : De 25 à 59 ans;;;NUM;8
femSeul60P;Femmes seules : 60 ans et plus;;;NUM;8
femSeul75P;Femmes seules : 75 ans et plus;;;NUM;8
partFemSeul;Part de femmes seules parmi les personnes seules : Ensemble;;;NUM;8
partFemSeul024;Part de femmes seules parmi les personnes seules : Moins de 25 ans;;;NUM;8
partFemSeul2559;Part de femmes seules parmi les personnes seules : De 25 à 59 ans;;;NUM;8
partFemSeul60P;Part de femmes seules parmi les personnes seules : 60 ans et plus;;;NUM;8
partFemSeul75P;Part de femmes seules parmi les personnes seules : 75 ans et plus;;;NUM;8
persSeul0Voit;Personnes seules et ne possédant pas de voiture : Ensemble;;;NUM;8
persSeul0Voit024;Personnes seules et ne possédant pas de voiture : Moins de 25 ans;;;NUM;8
persSeul0Voit2559;Personnes seules et ne possédant pas de voiture : De 25 à 59 ans;;;NUM;8
persSeul0Voit60P;Personnes seules et ne possédant pas de voiture : 60 ans et plus;;;NUM;8
persSeul0Voit75P;Personnes seules et ne possédant pas de voiture : 75 ans et plus;;;NUM;8
persSeulAppart;Personnes seules vivant en appartement : Ensemble;;;NUM;8
persSeulAppart024;Personnes seules vivant en appartement : Moins de 25 ans;;;NUM;8
persSeulAppart2559;Personnes seules vivant en appartement : De 25 à 59 ans;;;NUM;8
persSeulAppart60P;Personnes seules vivant en appartement : 60 ans et plus;;;NUM;8
persSeulAppart75P;Personnes seules vivant en appartement : 75 ans et plus;;;NUM;8
PersSeulPauvr;Personnes seules vivant sous le seuil de pauvreté : Ensemble;;;NUM;8
PersSeulPauvr60P;Personnes seules vivant sous le seuil de pauvreté :60 ans ou plus;;;NUM;8
PersSeulPauvr75P;Personnes seules vivant sous le seuil de pauvreté :75 ans ou plus;;;NUM;8
txPauvrPersSeul;Taux de pauvreté des personnes seules : Ensemble;;;NUM;8
txPauvrPersSeul60P;Taux de pauvreté des personnes seules : 60 ans ou plus;;;NUM;8
txPauvrPersSeul75P;Taux de pauvreté des personnes seules : 75 ans ou plus;;;NUM;8
partMiniSocPersSeul;Part des minima sociaux dans le revenu disponible des personnes seules : Ensemble;;;NUM;8
partMiniSocPersSeul60P;Part des minima sociaux dans le revenu disponible des personnes seules : 60 ans ou plus;;;NUM;8
partMiniSocPersSeul75P;Part des minima sociaux dans le revenu disponible des personnes seules : 75 ans ou plus;;;NUM;8
nivViePersSeul;Niveau de vie médian des personnes seules : Ensemble;;;NUM;8
nivViePersSeul60P;Niveau de vie médian des personnes seules : 60 ans ou plus;;;NUM;8
nivViePersSeul75P;Niveau de vie médian des personnes seules : 75 ans ou plus;;;NUM;8
pop20P;Population des 20 ans ou plus au 1er janvier 2019;;;NUM;8
aahSeul;Nombre d’allocataires AAH vivant seuls;;;NUM;8
partAahSeulAllAah;Part des allocataires AAH vivant seuls parmi les allocataires AAH;;;NUM;8
partAahSeulPop20P;Part des allocataires AAH vivant seuls dans la population de 20 ans ou plus ;;;NUM;8
aahHomSeul;Nombre d’allocataires AAH hommes vivant seuls;;;NUM;8
aahFemSeul;Nombre d’allocataires AAH femmes vivant seules;;;NUM;8
aahSeul024;Nombre d’allocataires AAH de moins de 25 ans vivant seuls;;;NUM;8
aahSeul2549;Nombre d’allocataires AAH 25-49 ans vivant seuls;;;NUM;8
aahSeul5059;Nombre d’allocataires AAH 50-59 ans vivant seuls;;;NUM;8
aahSeul60P;Nombre d’allocataires AAH de 60 ans ou plus vivant seuls;;;NUM;8
pop62P;Population de 62 ans ou plus au 1er janvier 2019;;;NUM;8
asvAspaSeul;Allocataires titulaires de l’allocation supplémentaire vieillesse (ASV) ou de l’allocation de solidarité aux personnes âgées (ASPA) vivant seuls;;;NUM;8
partAsvAspaSeul;Part des Allocataires titulaires de l’ASV et de l’ASPA vivant seuls dans la population des 62 ans ou plus;;;NUM;8
persSeul75P0Comm;Personnes de 75 ans ou plus vivant seules et résidant dans une commune dépourvue de commerce alimentaire généraliste;;;NUM;8
partPersSeul75P0Comm;Part des personnes résidant dans une commune dépourvue de commerce alimentaire généraliste parmi les personnes de 75 ans ou plus vivant seules;;;NUM;8
codeReg;Code de la région;FRA;France (hors Mayotte);CHAR;3
codeReg;Code de la région;MET;France métropolitaine;CHAR;3
codeReg;Code de la région;DOM;Départements d’Outre-mer (hors Mayotte);CHAR;3
codeReg;Code de la région;01;Guadeloupe;CHAR;3
codeReg;Code de la région;02;Martinique;CHAR;3
codeReg;Code de la région;03;Guyane;CHAR;3
codeReg;Code de la région;04;La Réunion;CHAR;3
codeReg;Code de la région;06;Mayotte;CHAR;3
codeReg;Code de la région;11;Île-de-France;CHAR;3
codeReg;Code de la région;24;Centre-Val de Loire;CHAR;3
codeReg;Code de la région;27;Bourgogne-Franche-Comté;CHAR;3
codeReg;Code de la région;28;Normandie;CHAR;3
codeReg;Code de la région;32;Hauts-de-France;CHAR;3
codeReg;Code de la région;44;Grand Est;CHAR;3
codeReg;Code de la région;52;Pays de la Loire;CHAR;3
codeReg;Code de la région;53;Bretagne;CHAR;3
codeReg;Code de la région;75;Nouvelle-Aquitaine;CHAR;3
codeReg;Code de la région;76;Occitanie;CHAR;3
codeReg;Code de la région;84;Auvergne-Rhône-Alpes;CHAR;3
codeReg;Code de la région;93;Provence-Alpes-Côte d'Azur;CHAR;3
codeReg;Code de la région;94;Corse;CHAR;3
codeDep;Code du département;FRA;France (hors Mayotte);CHAR;3
codeDep;Code du département;MET;France métropolitaine;CHAR;3
codeDep;Code du département;DOM;Départements d’Outre-mer (hors Mayotte);CHAR;3
codeDep;Code du département;01;Ain;CHAR;3
codeDep;Code du département;02;Aisne;CHAR;3
codeDep;Code du département;03;Allier;CHAR;3
codeDep;Code du département;04;Alpes-de-Haute-Provence;CHAR;3
codeDep;Code du département;05;Hautes-Alpes;CHAR;3
codeDep;Code du département;06;Alpes-Maritimes;CHAR;3
codeDep;Code du département;07;Ardèche;CHAR;3
codeDep;Code du département;08;Ardennes;CHAR;3
codeDep;Code du département;09;Ariège;CHAR;3
codeDep;Code du département;10;Aube;CHAR;3
codeDep;Code du département;11;Aude;CHAR;3
codeDep;Code du département;12;Aveyron;CHAR;3
codeDep;Code du département;13;Bouches-du-Rhône;CHAR;3
codeDep;Code du département;14;Calvados;CHAR;3
codeDep;Code du département;15;Cantal;CHAR;3
codeDep;Code du département;16;Charente;CHAR;3
codeDep;Code du département;17;Charente-Maritime;CHAR;3
codeDep;Code du département;18;Cher;CHAR;3
codeDep;Code du département;19;Corrèze;CHAR;3
codeDep;Code du département;21;Côte-d'Or;CHAR;3
codeDep;Code du département;22;Côtes-d'Armor;CHAR;3
codeDep;Code du département;23;Creuse;CHAR;3
codeDep;Code du département;24;Dordogne;CHAR;3
codeDep;Code du département;25;Doubs;CHAR;3
codeDep;Code du département;26;Drôme;CHAR;3
codeDep;Code du département;27;Eure;CHAR;3
codeDep;Code du département;28;Eure-et-Loir;CHAR;3
codeDep;Code du département;29;Finistère;CHAR;3
codeDep;Code du département;2A;Corse-du-Sud;CHAR;3
codeDep;Code du département;2B;Haute-Corse;CHAR;3
codeDep;Code du département;30;Gard;CHAR;3
codeDep;Code du département;31;Haute-Garonne;CHAR;3
codeDep;Code du département;32;Gers;CHAR;3
codeDep;Code du département;33;Gironde;CHAR;3
codeDep;Code du département;34;Hérault;CHAR;3
codeDep;Code du département;35;Ille-et-Vilaine;CHAR;3
codeDep;Code du département;36;Indre;CHAR;3
codeDep;Code du département;37;Indre-et-Loire;CHAR;3
codeDep;Code du département;38;Isère;CHAR;3
codeDep;Code du département;39;Jura;CHAR;3
codeDep;Code du département;40;Landes;CHAR;3
codeDep;Code du département;41;Loir-et-Cher;CHAR;3
codeDep;Code du département;42;Loire;CHAR;3
codeDep;Code du département;43;Haute-Loire;CHAR;3
codeDep;Code du département;44;Loire-Atlantique;CHAR;3
codeDep;Code du département;45;Loiret;CHAR;3
codeDep;Code du département;46;Lot;CHAR;3
codeDep;Code du département;47;Lot-et-Garonne;CHAR;3
codeDep;Code du département;48;Lozère;CHAR;3
codeDep;Code du département;49;Maine-et-Loire;CHAR;3
codeDep;Code du département;50;Manche;CHAR;3
codeDep;Code du département;51;Marne;CHAR;3
codeDep;Code du département;52;Haute-Marne;CHAR;3
codeDep;Code du département;53;Mayenne;CHAR;3
codeDep;Code du département;54;Meurthe-et-Moselle;CHAR;3
codeDep;Code du département;55;Meuse;CHAR;3
codeDep;Code du département;56;Morbihan;CHAR;3
codeDep;Code du département;57;Moselle;CHAR;3
codeDep;Code du département;58;Nièvre;CHAR;3
codeDep;Code du département;59;Nord;CHAR;3
codeDep;Code du département;60;Oise;CHAR;3
codeDep;Code du département;61;Orne;CHAR;3
codeDep;Code du département;62;Pas-de-Calais;CHAR;3
codeDep;Code du département;63;Puy-de-Dôme;CHAR;3
codeDep;Code du département;64;Pyrénées-Atlantiques;CHAR;3
codeDep;Code du département;65;Hautes-Pyrénées;CHAR;3
codeDep;Code du département;66;Pyrénées-Orientales;CHAR;3
codeDep;Code du département;67;Bas-Rhin;CHAR;3
codeDep;Code du département;68;Haut-Rhin;CHAR;3
codeDep;Code du département;69;Rhône;CHAR;3
codeDep;Code du département;70;Haute-Saône;CHAR;3
codeDep;Code du département;71;Saône-et-Loire;CHAR;3
codeDep;Code du département;72;Sarthe;CHAR;3
codeDep;Code du département;73;Savoie;CHAR;3
codeDep;Code du département;74;Haute-Savoie;CHAR;3
codeDep;Code du département;75;Paris;CHAR;3
codeDep;Code du département;76;Seine-Maritime;CHAR;3
codeDep;Code du département;77;Seine-et-Marne;CHAR;3
codeDep;Code du département;78;Yvelines;CHAR;3
codeDep;Code du département;79;Deux-Sèvres;CHAR;3
codeDep;Code du département;80;Somme;CHAR;3
codeDep;Code du département;81;Tarn;CHAR;3
codeDep;Code du département;82;Tarn-et-Garonne;CHAR;3
codeDep;Code du département;83;Var;CHAR;3
codeDep;Code du département;84;Vaucluse;CHAR;3
codeDep;Code du département;85;Vendée;CHAR;3
codeDep;Code du département;86;Vienne;CHAR;3
codeDep;Code du département;87;Haute-Vienne;CHAR;3
codeDep;Code du département;88;Vosges;CHAR;3
codeDep;Code du département;89;Yonne;CHAR;3
codeDep;Code du département;90;Territoire de Belfort;CHAR;3
codeDep;Code du département;91;Essonne;CHAR;3
codeDep;Code du département;92;Hauts-de-Seine;CHAR;3
codeDep;Code du département;93;Seine-Saint-Denis;CHAR;3
codeDep;Code du département;94;Val-de-Marne;CHAR;3
codeDep;Code du département;95;Val-d'Oise;CHAR;3
codeDep;Code du département;971;Guadeloupe;CHAR;3
codeDep;Code du département;972;Martinique;CHAR;3
codeDep;Code du département;973;Guyane;CHAR;3
codeDep;Code du département;974;La Réunion;CHAR;3
