"Libellé";"Enquête mensuelle de conjoncture auprès des ménages - Indicateur synthétique de confiance des ménages (premier facteur des soldes d'opinion de l'enquête) - Données CVS";"Codes"
"idBank";"001587668";""
"Période";"";""
"2020-05";"93";"A"
"2020-04";"95";"A"
"2020-03";"103";"A"
"2020-02";"105";"A"
"2020-01";"104";"A"
"2019-12";"102";"A"
"2019-11";"105";"A"
"2019-10";"104";"A"
"2019-09";"104";"A"
"2019-08";"103";"A"
"2019-07";"102";"A"
"2019-06";"101";"A"
"2019-05";"99";"A"
"2019-04";"97";"A"
"2019-03";"96";"A"
"2019-02";"95";"A"
"2019-01";"92";"A"
